本地菜品分类,淘点点分类ID
拌菜,50024701
餐前开胃菜,50024701
朝江香少腊,50024701
川式凉菜,50024701
大厨凉菜,50024701
风味凉菜,50024701
家常凉菜,50024701
江南特色凉菜篇,50024701
经典凉菜,50024701
精典凉菜篇,50024701
精美冷菜,50024701
精美凉菜,50024701
精美凉菜.刺身,50024701
精美凉菜.小鲜,50024701
精美凉菜类,50024701
精美凉菜篇,50024701
精品冷菜,50024701
精品凉菜,50024701
精品凉菜类,50024701
精致凉菜,50024701
开胃凉菜,50024701
冷菜,50024701
冷菜时尚,50024701
立方凉菜,50024701
凉菜,50024701
凉菜,50024701
凉菜·篇,50024701
凉菜类,50024701
凉菜类,50024701
凉菜篇,50024701
凉菜系列,50024701
美味冷蝶,50024701
美味凉菜,50024701
面酷冷菜,50024701
南北凉菜,50024701
盘菜,50024701
配菜,50024701
时尚冷菜,50024701
素凉菜,50024701
特色凉菜,50024701
羲和凉菜,50024701
下酒菜,50024701
湘味头碟,50024701
小菜类,50024701
小咸菜,50024701
原始凉拌菜,50024701
招牌冷蝶,50024701
至尊凉菜,50024701
小吃（包含1元打包费）,50024701
小吃、点心,50024701
小吃凉菜,50024701
新鲜沙拉,50024701
新鲜时蔬,50024701
养生汁系列,50024701
招牌凉菜,50024701
粥、小菜、沙拉、甜品类,50024701
竹笋蛋羹豆腐,50024701
主食（菜价已包含1元打包餐盒费）,50024701
主食、甜品类,50024701
主食ご飯物StapleFood,50024701
主食-五谷为养（dimsum）,50024701
主食-五谷为养（dimsum）,50024701
主食-五谷为养（dimsum）,50024701
主食-五谷为养（dimsum）,50024701
主食系,50024701
―主食系类―,50024701
主食小吃系列,50024701
自家制拌菜,50024701
组合凉菜,50024701
佐餐小菜,50024701
精品素菜类,50024701
精品自制凉菜,50024701
精选主餐,50024701
精制凉菜,50024701
精致小菜,50024701
冷点,50024701
冷碟,50024701
冷碟（已包含1元打包费）,50024701
冷荤类,50024701
凉拌菜类,50024701
凉菜（包含1元打包费）,50024701
凉菜（菜价已包含1元打包餐盒费）,50024701
凉菜（已包含一元打包费）,50024701
凉菜（已包含一元打包盒费用）,50024701
凉菜（已含1元餐盒费）,50024701
凉菜/炖菜,50024701
凉菜麻辣食品,50024701
凉菜拼盘,50024701
凉菜系,50024701
凉菜系类,50024701
凉菜小吃,50024701
凉粉系列,50024701
凉拼,50024701
Colddishes开胃前菜,50024701
CURRY暹罗咖喱,50024701
Dishes精品粤菜,50024701
SALAD暹罗沙拉,50024701
Vegetable田园时蔬,50024701
WestemFood无国界美食,50024701
拌菜类,50024701
补单用菜,50024701
肠肠久久,50024701
成品,50024701
出类拔萃,50024701
传菜,50024701
刺身系列（7片70克）,50024701
从“新”开始,50024701
从一而终,50024701
单加荤菜,50024701
单加素菜,50024701
单品,50024701
淡雅素食,50024701
当季新品,50024701
好味主食,50024701
花家品位,50024701
花式反卷类,50024701
季节青菜,50024701
家常素菜,50024701
健康生活,50024701
健康食蔬,50024701
健康素菜,50024701
健康五谷系列,50024701
金瓜山药玉米,50024701
荆楚凉菜,50024701
精。美。冷。菜,50024701
精美冷碟,50024701
精美冷盘,50024701
精美凉菜（每份含一元打包费）,50024701
精美前菜,50024701
精美佐食,50024701
精品草莓,50024701
--精品草莓--,50024701
精品荟萃,50024701
绝活一招鲜,50024701
绿色食尚,50024701
绿色蔬菜（已包含1元打包费）,50024701
绿色养生,50024701
秘制卤菜,50024701
秘制沙拉（含一元打包费）,50024701
青菜锅,50024701
清热祛火,50024701
清爽凉菜,50024701
全部素菜,50024701
双拼,50024701
爽口凉菜,50024701
素菜篇,50024701
素菜系列（一份）,50024701
素食,50024701
土坛子特色菜,50024701
土乡土味,50024701
西安泡馍,50024701
西餐,50024701
西餐类,50024701
夏季时蔬,50024701
夏季特享系列,50024701
夏季新品凉菜,50024701
夏日凉菜,50024701
一品色拉,50024701
B.B.QChicken,50024701
BBQchichen,50024701
BBQ港式烧腊,50024701
High能量,50024701
High味道,50024701
SichuanDishes精品川菜,50024701
SPECIAC暹罗精品,50024701
STAPLE暹罗主食,50024701
Steam蒸蒸日上,50024701
wing,50024701
俺家锅叉菜,50024701
八大碗,50024701
八方美食,50024701
吧台,50024701
百味家常,50024701
百味家常（含一元打包费）,50024701
北京烤鸭,50024701
北京烤鸭系列,50024701
参类,50024701
餐前美食,50024701
超人榜,50024701
超值版,50024701
代购区,50024701
单品类,50024701
汽锅鸡,50024701
鲜香煎炸,50024701
早餐供应,50024701
早餐系列,50024701
早午餐系列,50024701
招牌干锅,50024701
100%草原羊,50024702
白灼类,50024702
白灼时蔬,50024702
煲类,50024702
煲类/干锅类,50024702
煲仔,50024702
煲仔类,50024702
煲仔系列,50024702
煲仔主食,50024702
宝岛特色小吃,50024702
堡类/肉类,50024702
本店川湘菜,50024702
本店特别推荐,50024702
―本店特色―,50024702
本店特色锅,50024702
本店特推,50024702
本店推荐,50024702
本店推荐菜,50024702
必点,50024702
避风塘美食,50024702
菜,50024702
菜类,50024702
菜类-道法自然（melon、nightshade&fruit）,50024702
菜类-鼎珍鲜羹（soup）,50024702
菜类-山珍山珍颐养（Mushroom/algae/lichen）,50024702
菜类-生机前菜（Colddish）,50024702
菜类-瑜珈悦食（yogapleasedfood）,50024702
菜类-滋身美馔（Vegmeatkonjak）,50024702
菜品,50024702
菜肴,50024702
测试,50024702
厨师推荐菜,50024702
厨师推荐精品大卷,50024702
厨师长推荐,50024702
川.湘.粤,50024702
川。湘。飘。香,50024702
川?湘?粤,50024702
川菜经典,50024702
川菜篇,50024702
川味湘情,50024702
川香风情,50024702
川湘菜,50024702
川湘代表菜,50024702
川湘家常菜,50024702
川湘家常热菜类,50024702
川湘美馔,50024702
川湘黔菜,50024702
川湘系列,50024702
川湘粤精品,50024702
川浙会冷碟,50024702
川浙会招牌,50024702
传承经典,50024702
传承经典（价格已包含一元打包费）,50024702
传承经典（已包含一元打包费）,50024702
传统菜,50024702
传统菜篇,50024702
传统豆花,50024702
传统精品菜,50024702
传统篇,50024702
传统甜品,50024702
传统甜品系列,50024702
传统系列,50024702
传统小吃,50024702
串点,50024702
串点组合,50024702
创新的延伸,50024702
创意加料/份,50024702
创意寿司,50024702
创意之时尚,50024702
创意中餐,50024702
粗卷类,50024702
粗卷寿司,50024702
粗粮粥,50024702
村落经典菜品,50024702
褡裢火烧,50024702
大锅涮菜篇,50024702
大国篇,50024702
大陆美味,50024702
大满足,50024702
点心主食菜,50024702
店长推荐,50024702
定制项,50024702
东北菜系,50024702
东北菜系列,50024702
东北老菜,50024702
东北熏酱系列,50024702
东北压锅,50024702
东北野味,50024702
东北猪肉鲜,50024702
东海野生海鲜,50024702
冻品类,50024702
凍檬,50024702
豆腐,50024702
豆腐菌菇蔬菜,50024702
豆腐篇,50024702
豆制/菌类,50024702
豆制拼盘,50024702
豆制品类,50024702
豆制品系列,50024702
独领风酥,50024702
肚包鸡鸡,50024702
炖炖飘香,50024702
炖品,50024702
炖品系列,50024702
炖烧蒸,50024702
炖盅之精品,50024702
俄式,50024702
鹅锅伴侣,50024702
鹅块锅,50024702
额外添加,50024702
儿童菜单,50024702
儿童餐,50024702
反卷,50024702
飯類,50024702
芬香果汁茶,50024702
粉,50024702
粉（干拌）,50024702
粉类,50024702
粉条,50024702
粉条类（含一元打包费）,50024702
份,50024702
丰富配餐,50024702
丰衣粥食,50024702
风情时蔬,50024702
风味菜,50024702
风味家常,50024702
风味家常菜,50024702
风味类,50024702
风味湘点,50024702
风味小吃（含一元打包费）,50024702
风味小吃（已含1元餐盒费）,50024702
风味小吃类,50024702
风味小蝶类,50024702
风味小食,50024702
风味主食,50024702
蜂蜜,50024702
佛跳墙虾,50024702
福建厦门特色小吃,50024702
附加果肉,50024702
呷霸主食,50024702
嘎嘎香压锅菜,50024702
干贝排骨粥,50024702
干点类,50024702
干粉篇,50024702
干锅、锅仔,50024702
干锅、泡椒系列,50024702
干锅/锅仔/炖菜,50024702
干锅/铁板系列,50024702
干锅?砂煲,50024702
干锅砂锅,50024702
干锅铁板,50024702
干锅铁板类,50024702
港式点心篇,50024702
港式精品茶点（菜价已包含1元打包餐盒费）,50024702
港式烧味,50024702
港式特色山泉腊肠（菜价已包含1元打包餐盒费）,50024702
高蛋白提高免疫力,50024702
高档位菜,50024702
高血脂人群食谱,50024702
宫廷四点,50024702
狗肉类,50024702
顾客最爱,50024702
关东八大炖,50024702
官府菜,50024702
广点系列,50024702
广式卤水,50024702
广味烧腊,50024702
贵州记忆,50024702
贵州三绝+3元餐盒费,50024702
贵州三绝26,50024702
贵州特色小吃,50024702
贵州小吃,50024702
锅,50024702
锅底（必点）,50024702
锅底（已包含1元打包费）,50024702
锅底类,50024702
锅香特色,50024702
锅仔,50024702
锅仔、干锅,50024702
锅仔、铁板（每份含一元打包费）,50024702
锅仔/堡,50024702
锅仔炖菜,50024702
锅仔砂锅,50024702
锅仔砂锅篇,50024702
锅仔铁板,50024702
锅仔铁板系列,50024702
海参,50024702
海河鲜类,50024702
海鲜（菜价已包含1元打包餐盒费）,50024702
海鲜（每份含一元打包费）,50024702
海鲜、水产、肉类,50024702
海鲜/肉类,50024702
海鲜类水饺,50024702
海鲜篇,50024702
海鲜水产,50024702
海鲜粥小吃,50024702
海鲜自选,50024702
海洋篇,50024702
海贼王系列(2个）,50024702
韩国风味,50024702
韩式火锅类,50024702
韩式特色料理,50024702
汉堡单加（含一元打包费）,50024702
汉堡类&肉扒类,50024702
汉拿山好味道,50024702
汉味香锅,50024702
汉味小吃,50024702
杭州名菜,50024702
航海产品,50024702
豪华比萨,50024702
豪尚豪牛排,50024702
合味经典（每份含一元打包费）,50024702
和气便当,50024702
河、海鲜篇,50024702
河海鲜篇,50024702
河海鲜系列（基尾虾按时价）,50024702
河鲜海鲜,50024702
河鲜系列,50024702
荷香笼仔类,50024702
红尘滚滚,50024702
胡同味道,50024702
湖南湘菜,50024702
淮扬川湘篇,50024702
淮扬风味特色家常菜,50024702
淮阳菜,50024702
淮阳菜系,50024702
淮阳小调,50024702
皇家风云榜,50024702
皇家鸡排荟,50024702
黄焖鸡,50024702
黄焖鸡系列,50024702
黄焖牛肉系列,50024702
黄焖排骨系列,50024702
黄焖系列,50024702
烩类,50024702
荤菜/丸类,50024702
荤菜系列（半份）,50024702
火锅底料,50024702
火锅涮品,50024702
火辣湘味,50024702
获奖经典,50024702
鸡煲锅,50024702
鸡翅,50024702
鸡翅/鸡块,50024702
鸡脆骨,50024702
鸡蛋料理,50024702
鸡公煲,50024702
鸡柳,50024702
鸡排,50024702
鸡肉篇,50024702
鸡腿,50024702
鸡鸭,50024702
鸡鸭猪肝,50024702
鸡胗,50024702
加菜,50024702
加菜类,50024702
加料,50024702
加料区（另加只能加2份）,50024702
家常菜（已包含一元打包盒费用）,50024702
家常菜类,50024702
家常菜篇,50024702
家常菜系,50024702
家常菜系列,50024702
家常风味,50024702
家常系列,50024702
家常湘菜,50024702
家禽类,50024702
家乡美食,50024702
煎，炸类,50024702
煎扒,50024702
煎饺,50024702
煎焗美点,50024702
煎焗篇,50024702
健将主食,50024702
江。河。湖。海,50024702
江西原汁原味罐,50024702
讲究主打,50024702
降糖降压,50024702
酱味拼盘,50024702
浇头,50024702
金典美食类,50024702
金牌菜,50024702
金牌菜肴,50024702
金牌推荐,50024702
近乡情切,50024702
京菜肴,50024702
京鲁菜,50024702
京师绝味招牌菜,50024702
京味菜系列,50024702
京味家常菜,50024702
京味鸭菜,50024702
京味招牌菜,50024702
京味主食坊,50024702
京小吃,50024702
京韵京味,50024702
京韵鲁味,50024702
经典,50024702
经典菜,50024702
经典菜肴,50024702
经典川菜（已包含一元打包盒费用）,50024702
经典川菜类,50024702
经典干锅,50024702
经典干锅类,50024702
经典淮扬篇,50024702
经典家常,50024702
经典咖喱,50024702
经典鲁菜,50024702
经典篇,50024702
经典融合菜,50024702
经典酸菜米线,50024702
经典台菜,50024702
经典特色菜,50024702
经典西北菜,50024702
经典系列比萨,50024702
经典香锅,50024702
经典湘菜,50024702
经典小菜,50024702
经典小吃,50024702
经典小河鲜,50024702
经典粤菜,50024702
经典粤菜篇,50024702
经典招牌菜,50024702
经典蒸菜类,50024702
经典主餐,50024702
经典组合,50024702
荆楚食尚,50024702
精彩独有,50024702
精美川菜,50024702
精美干锅,50024702
精美锅仔,50024702
精美家常菜,50024702
―精美凉菜―,50024702
精美热菜,50024702
精美涮菜,50024702
精美湘菜,50024702
精美粤菜,50024702
精美之川湘,50024702
精品菜,50024702
精品菜系,50024702
精品川菜（含一元打包费）,50024702
精品川菜系列,50024702
精品川湘菜,50024702
精品鄂菜,50024702
精品干锅,50024702
精品干锅类,50024702
精品荤菜,50024702
精品家常菜,50024702
精品鲁菜,50024702
精品热卖,50024702
精品涮肉,50024702
精品香锅,50024702
精品粤菜（菜价已包含1元打包餐盒费）,50024702
精选版,50024702
精选美食,50024702
精选配餐,50024702
精选热菜,50024702
精制热菜,50024702
精致个人餐,50024702
精致美食,50024702
精致涮品（已包含1元打包费）,50024702
精装类,50024702
丼系列,50024702
九香系列,50024702
玖食特色菜,50024702
菊樱精品刺身,50024702
卷类巻きRolls,50024702
卷物,50024702
眷村菜,50024702
军舰,50024702
军舰系列（2个）,50024702
菌、豆制品、蔬菜类,50024702
菌锅类,50024702
菌类,50024702
菌类、豆制品、蔬菜,50024702
菌系列,50024702
咖&巧传说,50024702
咖喱,50024702
咖喱海鲜,50024702
咖喱鸡肉,50024702
咖喱类,50024702
咖喱牛肉,50024702
咖喱蔬菜,50024702
咖喱羊肉,50024702
开门见山,50024702
开味小菜,50024702
开胃菜（菜价已包含1元打包餐盒费）,50024702
开胃冷菜,50024702
开胃凉菜（价格已包含一元打包费）,50024702
开胃凉菜（已包含一元打包费）,50024702
开胃小吃,50024702
开心乐园餐,50024702
开心一刻,50024702
烤鸡类,50024702
烤鸭（菜价已包含1元打包餐盒费）,50024702
烤鸭类,50024702
可有可无,50024702
客家菜,50024702
口味,50024702
腊味耗牛肉,50024702
腊味类,50024702
来自星星的炸鸡,50024702
捞汁系列,50024702
老北京菜,50024702
老北京家常菜,50024702
老北京开胃凉菜,50024702
老北京农家粉蒸,50024702
老北京特色小吃,50024702
老北京系列,50024702
老北京镇店菜,50024702
老边饺子,50024702
老边招牌凉菜,50024702
老家柴锅菜,50024702
老味道厨师推荐菜,50024702
老味道燕鲍翅,50024702
榴莲,50024702
榴莲系列,50024702
六大特色,50024702
六元区,50024702
卤菜类,50024702
卤菜凉菜类,50024702
卤水篇,50024702
卤水烧腊篇,50024702
卤味,50024702
驴肉特色,50024702
绿茶传说,50024702
绿肥红瘦,50024702
绿色风味,50024702
绿色生态园,50024702
麻辣川湘,50024702
麻辣海鲜系列,50024702
麻辣涮锅,50024702
麻辣涮锅调料,50024702
麻辣烫伴侣荤菜,50024702
麻辣烫伴侣素菜,50024702
麻辣烫伴侣主食,50024702
麻辣烫料,50024702
麻辣味（微辣中辣特辣）,50024702
麻辣香锅（45元起做）,50024702
麻辣香锅（4份起）,50024702
麻辣香锅（4份起做）,50024702
麻辣香锅（已包含一元打包盒费用）,50024702
麻辣香锅系列,50024702
麻辣小龙虾,50024702
麻辣诱惑,50024702
冒菜类,50024702
冒菜香锅伴侣,50024702
每日特价,50024702
每天一套特价菜（对应星期提供菜品）,50024702
美点飘香,50024702
美点主食,50024702
美极卤味,50024702
美容养颜,50024702
美容养颜食谱,50024702
美食家常,50024702
美食类,50024702
美式大肉串（含一元打包费）,50024702
美式加州卷(8个）,50024702
美味炖菜,50024702
美味炖品,50024702
美味干锅,50024702
美味家常,50024702
美味酱料（必点，如购买两个以上，请备注对应酱料）,50024702
美味热菜,50024702
美味时蔬,50024702
美味香锅,50024702
美味湘菜篇,50024702
美味小菜,50024702
美味小吃/主食,50024702
美味小吃/主食+1元餐盒费,50024702
美味蒸菜,50024702
美味主食,50024702
美艳蒸菜,50024702
焖、炖篇,50024702
焖锅,50024702
焖锅类,50024702
焖炉烤鸭,50024702
沔阳蒸菜,50024702
闽南菜,50024702
名厨推荐,50024702
明炉沙煲,50024702
明炉烧味,50024702
明爐沙煲,50024702
明星菜品,50024702
默认,50024702
慕斯蛋糕（蛋糕，需提前1天预订）,50024702
拿铁,50024702
拿铁系列,50024702
男性食谱,50024702
南北风味,50024702
南北风味（菜价已包含1元打包餐盒费）,50024702
南北主食（无折扣）,50024702
内蒙呼市特色美食,50024702
内蒙特色烩菜火锅系列,50024702
捏寿司,50024702
牛、羊肉类,50024702
牛扒,50024702
牛丼,50024702
牛排,50024702
牛排/猪排/羊排/鸡排,50024702
牛排海鲜类,50024702
牛肉类,50024702
牛肉篇,50024702
牛肉馅,50024702
牛羊猪肉,50024702
农家炖锅,50024702
农家铁板,50024702
农家主食,50024702
浓浓生滚粥,50024702
暖冬风情,50024702
暖胃健脾,50024702
欧式类,50024702
欧式慕斯方形类,50024702
排挡热菜,50024702
排毒养生,50024702
泡椒风味,50024702
泡椒系列（已包含一元打包费）,50024702
配菜小吃,50024702
配餐,50024702
盆地篇,50024702
烹羊专家,50024702
飘香主食,50024702
拼盘系列,50024702
普通芝心系列,50024702
其他类,50024702
其他日韩料理,50024702
其他西点,50024702
其他主食,50024702
其它,50024702
其它类,50024702
其它特色,50024702
前食侧奉,50024702
前厅,50024702
黔味河鲜,50024702
黔味河鲜+3元餐盒费,50024702
炝拌,50024702
青椒篇,50024702
轻松卷类,50024702
清菜,50024702
―清真传统―,50024702
清真精品,50024702
情深意长,50024702
庆典蛋糕（蛋糕，需提前1天预订）,50024702
全年供应,50024702
群生招牌,50024702
热菜（菜价已包含1元打包餐盒费）,50024702
热菜（已包含一元打包费）,50024702
热菜石锅系列,50024702
热卖,50024702
热卖产品,50024702
热门推荐,50024702
人气篇,50024702
人气推荐,50024702
日出口感,50024702
日岩招牌菜推荐,50024702
融合菜,50024702
融合创新菜,50024702
肉、丸、水产类,50024702
肉菜,50024702
肉畜佳肴（已包含1元打包费）,50024702
肉类海鲜,50024702
肉类系列,50024702
肉馅类,50024702
乳酪蛋糕类,50024702
乳脂蛋糕类,50024702
三椒系列,50024702
三椒系列（已包含一元打包费）,50024702
三味,50024702
三文治,50024702
色拉类,50024702
色拉小吃サラダThesalad,50024702
山野菜系列,50024702
山珍海味,50024702
山珍野菌（已包含1元打包费）,50024702
陕西特色/主食,50024702
上海菜,50024702
上午11:30后供应,50024702
上杂,50024702
烧菜,50024702
烧菜类,50024702
烧卤,50024702
烧味（菜价已包含1元打包餐盒费）,50024702
烧味菜式,50024702
烧仙草,50024702
什锦果盒,50024702
神清气爽,50024702
生菜,50024702
生活蒸蒸日上,50024702
生猛海鲜（扇贝王两只起做）,50024702
生鲜蔬菜,50024702
生鲜蔬菜/食材半成品,50024702
生鲜系列,50024702
十大经典赣菜,50024702
十大特色菜,50024702
十大招牌,50024702
十二元区,50024702
十五元区,50024702
十五元元尝鲜区刺身,50024702
十元区,50024702
石板,50024702
石锅,50024702
石锅风味,50024702
石锅石板传奇,50024702
石锅系列,50024702
石家创意石锅,50024702
时令菜谱,50024702
时令蔬菜（价格已包含一元打包费）,50024702
时令蔬菜（请备注口味）,50024702
时令蔬菜（请备注口味）（已包含一元打包费）,50024702
时令蔬菜篇,50024702
时令小菜,50024702
时尚川菜,50024702
时尚精品刺身,50024702
时尚精品凉菜,50024702
时尚冷碟,50024702
时尚冷肴,50024702
时尚融合菜,50024702
时尚素斋,50024702
时尚养生,50024702
时蔬类,50024702
食客特色粥,50024702
食尚凉味,50024702
食事,50024702
食在小菜,50024702
手工丸滑,50024702
手卷寿司,50024702
手握,50024702
首先主食,50024702
蔬菜、干菜、豆制品类,50024702
蔬菜豆腐,50024702
蔬菜粉蒸,50024702
蔬菜篇,50024702
蔬菜系列,50024702
蔬食很健康,50024702
甩单商品,50024702
涮菜,50024702
涮菜类,50024702
涮菜系列,50024702
涮锅荤菜,50024702
涮锅素菜,50024702
涮锅调料,50024702
涮品（火锅配菜）,50024702
水产系列（无折扣）,50024702
水产珍馐（已包含1元打包费）,50024702
吮指原味鸡,50024702
私房菜,50024702
私房饺子,50024702
私房甜品,50024702
私房主食,50024702
私家菜,50024702
四川冒菜麻辣香锅,50024702
四川小吃之白灼类,50024702
四川小吃之煎炸类,50024702
四川小吃之甜品,50024702
四川小吃之蒸类,50024702
四川小吃之煮类,50024702
四方美食,50024702
四季时蔬,50024702
四季田园,50024702
苏。沪。杭,50024702
素食篇,50024702
素食主义,50024702
台式小火锅,50024702
台湾卤味系列,50024702
台湾美味,50024702
台湾特色小吃,50024702
泰国菜,50024702
泰国黑糯米系列,50024702
炭乃家新添菜品,50024702
糖尿病人群食谱,50024702
特产类,50024702
特贡类,50024702
特色伴侣,50024702
特色煲仔,50024702
特色菜类,50024702
特色菜品,50024702
特色餐点,50024702
特色茶,50024702
特色川菜,50024702
特色醋,50024702
特色东北菜,50024702
特色风味,50024702
特色锅底系列,50024702
特色韩式小吃,50024702
特色佳肴,50024702
特色家常菜,50024702
特色京菜,50024702
特色精品,50024702
特色凉菜篇,50024702
特色料理,50024702
特色卤水,50024702
特色砂锅,50024702
特色熟食,50024702
特色藤椒味,50024702
特色推荐,50024702
特色系列,50024702
特色鲜椒系列,50024702
特色香锅,50024702
特色小菜,50024702
特色小蒸菜系列,50024702
特色压锅类,50024702
特色营养砂锅粥,50024702
特色招牌,50024702
特色主菜（含一元打包费）,50024702
特色主食类,50024702
特色主招牌菜,50024702
特殊要求,50024702
特味麺,50024702
提神醒脑,50024702
蹄花蛙,50024702
天然奶油蛋糕类,50024702
天天低价,50024702
天意凉菜,50024702
天意热菜,50024702
天意主食,50024702
田。园。时。蔬,50024702
田园时菜,50024702
―田园时蔬―,50024702
田园时蔬（菜价已包含1元打包餐盒费）,50024702
田园时蔬（每份含一元打包费）,50024702
田园时蔬（已包含一元打包盒费用）,50024702
田园小时蔬,50024702
挑战味蕾,50024702
调理类,50024702
铁板、锅仔,50024702
铁板干锅,50024702
―铁板锅仔煲类―,50024702
铁板平锅,50024702
铁板三杯,50024702
铁板烧系列,50024702
头盘,50024702
团团圆圆（已包含1元打包费）,50024702
推荐菜（已包含一元打包盒费用）,50024702
推荐菜品（已包含一元打包费）,50024702
推荐干锅,50024702
推荐类,50024702
推荐美食,50024702
推荐篇,50024702
瓦罐,50024702
丸类,50024702
晚上（16:30-20:00）,50024702
望穿秋水,50024702
微菜,50024702
微菜特色,50024702
维High素,50024702
位菜,50024702
味道北京,50024702
乌龙系列,50024702
无骨凤爪,50024702
无骨炸鸡类,50024702
无国界,50024702
无国界精选,50024702
五谷杂粮,50024702
武汉小吃,50024702
西北菜,50024702
西贝风味,50024702
西贝凉菜,50024702
西式,50024702
西式风情,50024702
西式烹调,50024702
喜圆系列,50024702
细卷物,50024702
细卷系列（6个）,50024702
细绢及手卷,50024702
虾蟹一族,50024702
下午茶最佳搭配,50024702
香醇炖锅,50024702
香锅（每份含一元打包费）,50024702
香锅，火锅,50024702
香锅伴侣,50024702
香锅伴侣（三份起做）,50024702
香锅伴侣之豆制品蛋系列（请选择锅底）,50024702
香锅伴侣之海鲜系列（请选择锅底）,50024702
香锅伴侣之荤菜系列（请选择锅底）,50024702
香锅伴侣之菌菇系列（请选择锅底）,50024702
香锅伴侣之素菜系列（请选择锅底）,50024702
香锅伴侣之特别推荐（请选择锅底）,50024702
香锅锅底,50024702
香锅荤菜类,50024702
香锅配菜,50024702
香锅篇,50024702
香锅素菜类,50024702
香锅系列,50024702
香锅系列（已包含一元打包费）,50024702
香辣风味,50024702
香浓煨炖,50024702
香炸类,50024702
湘菜海味,50024702
湘菜篇,50024702
湘菜特色,50024702
湘辣美味,50024702
湘味传奇,50024702
湘味湘情,50024702
湘西精品,50024702
湘汁湘味,50024702
湘知湘味,50024702
享家蒸包,50024702
消除疲劳强身健体,50024702
消脂轻体,50024702
小菜系列,50024702
小吃台湾风味,50024702
小吃系列,50024702
小吃系列（50克）,50024702
小吃主食类,50024702
小馆水产,50024702
小馆味道,50024702
小馆招牌菜,50024702
小馆主食,50024702
小火锅,50024702
小凉菜,50024702
小料区,50024702
小料系列,50024702
蟹柳系列（无折扣）,50024702
新菜,50024702
新记小菜,50024702
新记招牌咖喱,50024702
新疆特色菜,50024702
新派菜,50024702
新派韩餐,50024702
新派家常菜,50024702
新派私房菜,50024702
新派铁板类,50024702
新十大名菜,50024702
新添菜品,50024702
新鲜蔬菜（如购买两个以上，请备注对应蔬菜）,50024702
新增菜品,50024702
杏仁系列（热）,50024702
休闲食品,50024702
熏酱,50024702
熏酱菜,50024702
熏酱系列,50024702
寻味湘西,50024702
压锅美味,50024702
鸭菜系列,50024702
鸭肉篇,50024702
雅苑镇店菜,50024702
雅致凉盏,50024702
燕鲍翅,50024702
燕窝辽参,50024702
扬物,50024702
羊肉类,50024702
羊肉篇,50024702
羊肉馅,50024702
羊蝎子系列,50024702
羊蝎子蝎子,50024702
养身炖品系列,50024702
养生茶,50024702
养生炖菜,50024702
养生炖品,50024702
养生花茶,50024702
养生菌菇,50024702
养生素食,50024702
养生蒸菜,50024702
养生蒸菜（已包含一元打包盒费用）,50024702
养心安神,50024702
药罐炖品混沌,50024702
药膳炖品馄饨,50024702
药膳营养炖品,50024702
夜市产品（下午18:00以后售卖，其它时间不售）,50024702
夜市凉菜（下午五点开始，已含1元餐盒费）,50024702
夜市小海鲜（下午五点开始，已含1元餐盒费除了扇贝）,50024702
一品料理炸物揚げIppinRyouri/Friedthings,50024702
益气养血,50024702
意粉类,50024702
溢香锅仔类,50024702
营养健康的日式正餐,50024702
营养菌类,50024702
营养肉食,50024702
营养砂锅,50024702
营养时蔬,50024702
营养蒸菜,50024702
营养主食,50024702
幽香花果茶系列,50024702
油炸,50024702
游水海鲜,50024702
―游水海鲜―,50024702
有机商品,50024702
有机时蔬,50024702
有机蔬菜（已包含1元打包费）,50024702
有机田园时蔬,50024702
有汁有味,50024702
柚子胡椒寿司,50024702
诱惑招牌,50024702
诱惑招牌（价格已包含一元打包费）,50024702
诱惑招牌（已包含一元打包费）,50024702
渔村料理,50024702
渔都特价菜,50024702
渔都招牌菜,50024702
御茶,50024702
原盅药膳炖品,50024702
越辣越高兴,50024702
越南风味菜品,50024702
越南小吃篇,50024702
粤菜,50024702
粤菜风味,50024702
粤菜家常菜,50024702
粤式风味,50024702
云为素食招牌菜,50024702
啫啫系列,50024702
炸串,50024702
炸鸡翅类,50024702
炸鸡类,50024702
宅门凉菜,50024702
宅门六小碗,50024702
宅门热菜,50024702
宅门四大碗,50024702
宅门特色,50024702
长白山野山菌,50024702
长沙蒸菜?浏阳小钵子,50024702
招牌菜（已包含一元打包盒费用）,50024702
招牌类,50024702
招牌卤味区,50024702
招牌拿手菜,50024702
招牌篇,50024702
招牌热菜,50024702
招牌人气,50024702
招牌三杯系列,50024702
招牌石锅,50024702
招牌素菜,50024702
招牌特色,50024702
招牌炸鸡,50024702
招牌主食,50024702
镇店名菜,50024702
蒸菜类,50024702
蒸菜上什,50024702
蒸点,50024702
蒸功夫篇,50024702
蒸烧,50024702
蒸有味道,50024702
蒸蒸日上（菜价已包含1元打包餐盒费）,50024702
蒸蒸日上（含打包费一元）,50024702
蒸蒸日上（每份含一元打包费）,50024702
蒸蒸日上系列,50024702
蒸煮,50024702
正餐超值多人餐,50024702
正规热菜,50024702
知味家常,50024702
炙烧,50024702
中式金牌推荐菜,50024702
中午（10:30-14:00）,50024702
周二,50024702
周三,50024702
周四,50024702
周五,50024702
周一,50024702
猪肉篇,50024702
猪肉馅,50024702
竹筒系列,50024702
主餐,50024702
主厨精选牛排,50024702
主厨推荐,50024702
主厨推荐（每份含一元打包费）,50024702
主打菜品,50024702
主打特色锅,50024702
灼灼有余,50024702
卓卓凉菜,50024702
滋补珍品,50024702
紫藤特色,50024702
自然鲜蔬,50024702
自选垫底,50024702
自选垫底料,50024702
自选垫底料（已包含一元打包费）,50024702
自选荤菜,50024702
自制香肠,50024702
自制招牌菜,50024702
自制招牌系列,50024702
组合锅类,50024702
组合锅类每份三两,50024702
最热菜品,50024702
最旺人气美食,50024702
佐食,50024702
煲仔小炒,50024702
炒菜类,50024702
炒时蔬,50024702
百家菜,50024702
煲仔菜,50024702
川味小炒,50024702
川湘小炒,50024702
本店特色菜,50024702
本店旺菜,50024702
本店招牌,50024702
本店招牌菜,50024702
必点菜,50024702
川湘粤小炒,50024702
点心小炒,50024702
东北风味小炒,50024702
经典小炒,50024702
精美小炒,50024702
精品热菜.卤小炒,50024702
精品小炒,50024702
苗家箩箩炒菜篇,50024702
妙手热炒,50024702
热炒,50024702
湘味小炒,50024702
湘粤小炒,50024702
小炒,50024702
小炒、蒸菜、烧菜类,50024702
小炒篇,50024702
小炒系列,50024702
营养小炒,50024702
川菜系列,50024702
川湘经典,50024702
川湘美味,50024702
传统滋补药膳,50024702
翠云水煮鱼（每份含一元打包费）,50024702
村夫烤鱼,50024702
大锅菜,50024702
大鹏展翅,50024702
大铁锅炖菜,50024702
大众蔬菜,50024702
当日汤,50024702
点烤鱼（口味必选）,50024702
东北菜,50024702
东北家乡菜,50024702
东北酱炖,50024702
炖菜,50024702
炖好味,50024702
多滋湘味小厨,50024702
法式铁板料理,50024702
风味热菜,50024702
辅鱼拌菜,50024702
干锅,50024702
干锅&锅仔,50024702
干锅菜,50024702
干锅锅仔,50024702
干锅类,50024702
干锅篇,50024702
干锅飘香,50024702
干锅系列,50024702
官府篇,50024702
广岛风味铁板烧,50024702
广食时蔬,50024702
贵州酸汤鱼,50024702
锅仔类,50024702
海参鲍鱼,50024702
海水游鱼,50024702
海鲜河鲜,50024702
海鲜鱼类,50024702
馄饨鱼丸,50024702
活鱼料理,50024702
活鱼鲜虾,50024702
鸡鱼兔类,50024702
家常菜,50024702
家常美食,50024702
家乡土菜,50024702
煎类,50024702
健康时蔬篇,50024702
健康素食,50024702
健康养生素菜,50024702
江南创意川菜篇,50024702
江南创意家常篇,50024702
江南创意素菜篇,50024702
江南创意湘菜篇,50024702
江南创意粤菜篇,50024702
金牌水煮鱼,50024702
金牌水煮鱼（价格已包含一元打包费）,50024702
金牌水煮鱼（已包含一元打包费）,50024702
金牌水煮鱼自选垫底料,50024702
经典本帮菜,50024702
经典川菜,50024702
经典川味,50024702
经典家常菜,50024702
经典美食,50024702
FRIEDSTIR暹罗小炒,50024702
经典铁板,50024702
经典湘味,50024702
爆炒小海鲜,50024702
经典鱼鲜类,50024702
经典招牌,50024702
经济农家菜,50024702
精典家常菜,50024702
炒、炸、铁板类,50024702
炒/炸/铁板类,50024702
炒菜区,50024702
精美凉菜.最家常,50024702
精美热菜篇,50024702
炒粉类,50024702
炒河粉,50024702
精品·时蔬,50024702
炒河粉类,50024702
炒类,50024702
精品家常,50024702
精品凉菜篇,50024702
精品热菜,50024702
精品热菜.川湘美味,50024702
炒米皮类,50024702
精品热菜.烹小鲜,50024702
精品热菜.蒸四大碗,50024702
精品热菜类,50024702
炒米线类,50024702
精品推荐,50024702
炒物,50024702
精品鱼系列,50024702
炒杂煎蒸,50024702
烤海鲜类,50024702
烤蔬菜类,50024702
烤鱼,50024702
烤鱼（每份含一元打包费）,50024702
烤鱼拌菜系列,50024702
烤鱼垫底,50024702
烤鱼辅料,50024702
烤鱼或烤类辅菜,50024702
烤鱼及配菜,50024702
烤鱼类,50024702
烤鱼篇（辅鱼拌菜）,50024702
烤鱼品种,50024702
烤鱼系列,50024702
烤鱼系列（烤鱼请记得选择一种口味）,50024702
城隍热炒,50024702
老谭酸菜鱼（麻辣味、山胡椒、泡椒味）,50024702
川湘小炒、家常菜,50024702
立方热菜,50024702
绿色时蔬,50024702
麻辣馋嘴鱼,50024702
地方小炖小炒,50024702
东北小炒,50024702
风味炒菜（已含1元餐盒费）,50024702
麻辣香锅（锅底免费）,50024702
风味小炒（已包含1元打包费）,50024702
干锅小炒,50024702
港式小炒,50024702
家常炒菜,50024702
美味干锅系列,50024702
美味鱼,50024702
美味鱼类,50024702
猛火蒸菜,50024702
家常热炒,50024702
―家常小炒―,50024702
家常小炒类,50024702
家乡小炒,50024702
煎炒,50024702
经典炒菜,50024702
经典热炒,50024702
年年有鱼,50024702
精美炒菜,50024702
精美炒菜系列,50024702
精美川味小炒,50024702
飘香干锅,50024702
热菜,50024702
精美热炒,50024702
精品炒菜,50024702
精品特色小炒（炒菜系列）,50024702
热菜系列,50024702
玖食小炒,50024702
快餐小炒,50024702
肉类,50024702
三晋美馔,50024702
砂锅铁板,50024702
砂锅系列,50024702
烧味,50024702
十大招牌菜,50024702
十足南北风味,50024702
时令菜,50024702
时令鲜蔬,50024702
蜀风功夫鱼（每份含一元打包费）,50024702
双椒鲜鱼（每份含一元打包费）,50024702
水煮鱼,50024702
私家湘菜,50024702
私家招牌菜,50024702
四季菜品,50024702
碳火烤鱼,50024702
汤羹,50024702
麻辣香锅（50元起炒）,50024702
特价菜,50024702
特色菜,50024702
特色菜肴,50024702
麻辣香锅（5份起炒，锅底免费）,50024702
麻辣香锅（6种起炒）,50024702
特色干锅,50024702
麻辣香锅5种起炒,50024702
农家小炒,50024702
特色鱼圆,50024702
田园时蔬篇,50024702
农家小炒+3元餐盒费,50024702
铁板系列,50024702
巫山烤鱼,50024702
巫山烤鱼系列,50024702
羲和菜式,50024702
羲和热菜（肉类）,50024702
羲和热菜（时蔬）,50024702
羲和三宝,50024702
羲和位菜,50024702
鲜美鱼虾,50024702
鲜炸类,50024702
乡下农家菜,50024702
香菜经典,50024702
香锅/烤鱼加菜,50024702
农家小炒篇,50024702
热菜、炒菜、锅仔,50024702
热菜/炒菜,50024702
香辣篇,50024702
湘菜系列,50024702
热菜/炒菜/锅仔,50024702
热菜小炒,50024702
湘味干锅,50024702
特色炒菜,50024702
特色热炒类,50024702
特色小炒,50024702
潇湘风味,50024702
香锅伴侣（5份起炒）,50024702
香锅底料（50起炒，如餐费超过150，须收2个锅底）,50024702
香锅锅底（香锅6小份起炒）,50024702
湘菜小炒,50024702
湘江小炒,50024702
湘西小炒,50024702
新添家长菜,50024702
新鲜时蔬系列,50024702
小炒类,50024702
养生云南野生菌,50024702
养生小炒,50024702
鱼乐无穷,50024702
鱼类（已包含一元打包费）,50024702
鱼类配菜（已包含一元打包费）,50024702
渔都烤鱼,50024702
粤菜类,50024702
粤式经典篇,50024702
咱家传统热菜,50024702
啫啫菜,50024702
炸炒类,50024702
炸溜烹炒烩,50024702
炸物,50024702
宅门私家鱼,50024702
长江鲜鱼,50024702
招牌产品,50024702
招牌铁锅鱼,50024702
蒸菜系列,50024702
知味热菜,50024702
煮物炒物,50024702
煮物类,50024702
庄园热菜,50024702
滋补炖菜,50024702
滋味小炒,50024702
自贡风味鱼类,50024702
自制豆腐,50024702
潮州卤水,50024702
金牌卤水鸭系列,50024702
水煮,50024702
水煮类,50024702
地道川菜,50024702
锅仔系列,50024702
红橡木串烧,50024702
Soup老火靓汤,50024703
SOUP暹罗煲汤,50024703
煲汤,50024703
煲汤类,50024703
参鸡汤,50024703
麻辣香锅50元起炒,50024703
汤面/炒面/拌面,50024703
川香香锅,50024703
传统汤品,50024703
豆汤类,50024703
炖汤,50024703
港品老火靓汤,50024703
港式靓汤篇,50024703
港式汤粉/面,50024703
高汤包子,50024703
高汤炖,50024703
骨汤拉面,50024703
骨汤面,50024703
广点主食,50024703
锅锅飘香,50024703
锅仔煲汤,50024703
韩式火锅,50024703
鸡汤、砂锅一绝,50024703
健康靓汤,50024703
江南创意煲汤篇,50024703
江南创意汤羹篇,50024703
江西炭火煨汤,50024703
京韵汤,50024703
京韵汤羹,50024703
精美靓汤,50024703
精美汤羹,50024703
精美汤羹篇,50024703
精品·煨汤,50024703
精品汤类,50024703
精品粥类汤类,50024703
精致涮品,50024703
开胃靓汤,50024703
老火靓汤,50024703
例汤,50024703
靓汤,50024703
靓汤养颜,50024703
卤味汤面,50024703
麻辣汤料,50024703
麻辣鲜,50024703
馒头/包子/汤包,50024703
馒头/包子/汤包/煎包,50024703
每日食补靓炖品篇,50024703
美人汤系列（热）,50024703
美味汤,50024703
美味汤羹（已包含一元打包费）,50024703
美味汤锅,50024703
美味汤品,50024703
美味养生汤,50024703
面爱面骨汤类,50024703
面爱面经典骨汤面,50024703
民间瓦罐煨汤,50024703
民间煨汤,50024703
牛肉汤,50024703
浓汤类,50024703
浓汤面,50024703
泡菜酸汤鱼（每份含一元打包费）,50024703
其它面食汤羹系列,50024703
谦记有鱼乐,50024703
清迈特色汤品,50024703
热菜煲仔,50024703
热汤,50024703
砂锅,50024703
砂锅煲仔,50024703
砂锅锅仔,50024703
砂锅类,50024703
砂锅汤羹,50024703
深情头汤,50024703
石锅类,50024703
时令炖汤,50024703
拾味骨汤,50024703
食在好汤,50024703
手工芋圆（热品，红豆汤底）,50024703
涮肚锅（肚锅20串起点）,50024703
四时羹汤,50024703
苏伯素食汤,50024703
酸汤火锅,50024703
酸汤系列,50024703
台湾特色汤品,50024703
炭火煨汤,50024703
汤,50024703
汤（带饭）,50024703
汤（含一元打包费）,50024703
汤、点心类,50024703
汤/煲/砂锅,50024703
汤/煲/砂锅/火锅,50024703
汤/甜品,50024703
汤/主食类,50024703
汤煲,50024703
汤煲精选,50024703
汤煲类,50024703
汤煲系列,50024703
汤菜,50024703
汤菜类,50024703
汤菜系列,50024703
汤菜系列（价格已包含一元打包费）,50024703
汤菜系列（已包含一元打包费）,50024703
汤粉,50024703
汤粉系列,50024703
―汤羹―,50024703
汤羹（包含1元打包费）,50024703
汤羹（每份含一元打包费）,50024703
汤羹（已包含一元打包盒费用）,50024703
汤羹，主食类,50024703
汤羹/主食类,50024703
汤羹茶点,50024703
汤羹类,50024703
汤羹篇,50024703
汤羹系,50024703
汤羹系列,50024703
汤羹主食,50024703
汤锅类,50024703
汤河粉类,50024703
汤河粉系列,50024703
汤及煲粥,50024703
汤类,50024703
汤类(SOUP),50024703
汤类（菜价已包含1元打包餐盒费）,50024703
汤类（已含1元餐盒费）,50024703
汤类/咖喱,50024703
汤类·主食,50024703
汤类篇,50024703
汤类套餐,50024703
汤米线类,50024703
汤米线系列,50024703
汤面,50024703
汤面拌面,50024703
汤面类,50024703
汤品,50024703
汤品类,50024703
汤头浓郁的日式拉面,50024703
汤丸系列,50024703
汤系列,50024703
汤粥类,50024703
天府砂锅,50024703
土家汤类,50024703
瓦罐汤,50024703
瓦罐汤类,50024703
瓦罐煨汤,50024703
煨汤,50024703
西式浓汤,50024703
享家灌汤包,50024703
小吃主食汤羹,50024703
小碗汤类,50024703
小小靓汤,50024703
压锅系列,50024703
羊肉汤,50024703
羊肉汤/面类,50024703
养身汤羹,50024703
养身滋补汤,50024703
养神滋补汤,50024703
养生煲汤,50024703
养生靓汤,50024703
养生汤,50024703
养生汤羹,50024703
养生汤品,50024703
药膳炖品汤面,50024703
药膳炖品汤面（粉）,50024703
营。养。汤。羹,50024703
营养煲汤,50024703
营养菌汤,50024703
营养靓汤,50024703
营养汤羹,50024703
越南汤粉篇,50024703
招牌铁锅鱼汤菜,50024703
粥&汤,50024703
主食&汤羹,50024703
主食&汤类,50024703
"主食,汤",50024703
主食、汤,50024703
主食、汤羹,50024703
主食、汤羹类(无折扣),50024703
主食/汤,50024703
主食/汤类,50024703
主食类（含汤小菜）,50024703
主食靓汤,50024703
主食汤羹,50024703
主食汤羹,50024703
主食汤羹,50024703
主食汤羹,50024703
主食汤羹篇,50024703
主食汤羹篇,50024703
主食汤羹小吃,50024703
主食汤羹小吃,50024703
主食汤类,50024703
主食汤类,50024703
主食汤品,50024703
主题香锅,50024703
主题香锅、汤,50024703
主题香锅/汤,50024703
滋补煲汤,50024703
滋补炖品,50024703
滋补炖汤,50024703
滋补靓汤,50024703
滋补汤,50024703
滋补汤煲,50024703
滋补汤煲+3元餐盒费,50024703
滋补汤羹,50024703
滋补汤羹类,50024703
滋补汤锅类,50024703
自制骨汤,50024703
烤饼,50024704
葱香味,50024704
电烤系列,50024704
豆豉味,50024704
风味烤串,50024704
风味烤串（烤串类4串起烤）,50024704
风味烧烤,50024704
疯狂烤翅,50024704
挂炉烤鸭,50024704
煎.蒸.烤.炸,50024704
煎?蒸?烤?炸,50024704
煎烤类,50024704
煎炸烤点,50024704
酱香味,50024704
精品烤鸭,50024704
精品烧烤,50024704
焗烤,50024704
烤菜类,50024704
烤翅类,50024704
烤串,50024704
烤串类,50024704
烤串类（17:00起售）,50024704
烤串篇,50024704
烤海鲜,50024704
烤类,50024704
烤类/份,50024704
烤类加碳火盆6元必点,50024704
烤蘑菇类,50024704
烤牛肉,50024704
烤牛肉类,50024704
烤篇单点,50024704
烤肉类,50024704
烤什锦类,50024704
烤物,50024704
烤物类,50024704
烤物焼きBakeditem,50024704
烤鸭,50024704
烤鸭篇,50024704
烤羊肉类,50024704
烤炸料理,50024704
烤猪肉,50024704
烤猪肉类,50024704
烤主食类,50024704
麻辣烤锅,50024704
美味烧烤,50024704
内蒙特色烤肉,50024704
泡椒味,50024704
清迈特色烧烤及下酒菜,50024704
清真烧烤,50024704
肉串,50024704
烧烤,50024704
烧烤（巴西小串）,50024704
烧烤（其他类）,50024704
烧烤（肉类）,50024704
烧烤（蔬菜类）,50024704
烧烤/烤肉/烤串,50024704
烧烤工厂,50024704
烧烤类,50024704
烧烤篇,50024704
烧烤系列,50024704
烧烤诱惑,50024704
烧味类,50024704
烧炸,50024704
酸菜味,50024704
碳烤类,50024704
碳烤系列,50024704
特色烤串,50024704
特色烤肉,50024704
特色烤鸭,50024704
特色烤鱼,50024704
特色烧烤,50024704
铁板,50024704
铁板类,50024704
万州烤鱼,50024704
巫山碳烤全鱼,50024704
香辣味,50024704
新疆囔坑烤肉,50024704
夜市烧烤（下午五点开始，根据实际情况收取餐盒费））,50024704
鱼香味,50024704
炸鸡,50024704
招牌烤鸭,50024704
中堂烤鸭,50024704
诸葛烤篇,50024704
主餐牛扒,50024704
RicenClayPot煲仔饭,50024705
煲仔饭（菜价已包含1元打包餐盒费）,50024705
煲仔饭类,50024705
比亚尼米饭,50024705
避风塘招牌饭,50024705
便当美食盖浇饭,50024705
饭饼面,50024705
Food粥、面、粉、炒饭,50024705
炒饼、炒饭,50024705
炒饼炒饭类,50024705
炒饭（赠送例汤，水蒸蛋）,50024705
炒饭、炒面、盖饭、汤类,50024705
炒饭/拌饭,50024705
炒饭/冒菜,50024705
炒饭包饭类,50024705
炒饭炒河粉类,50024705
炒饭炒面,50024705
炒饭类,50024705
炒饭米粉,50024705
炒饭系列,50024705
荷香炒饭,50024705
经典炒饭（已含1元餐盒费）,50024705
精品炒饭,50024705
米饭/炒饭/盖饭/粥,50024705
面爱面炒饭,50024705
面食/炒饭/粥,50024705
面条炒饭,50024705
特色炒饭,50024705
豆花套饭,50024705
炖品汤饭,50024705
饭食,50024705
饭团,50024705
饭与面类,50024705
粉、面、饭,50024705
粉面饭（无折扣）,50024705
盖饭，面条类,50024705
盖饭、铁板饭,50024705
盖饭单,50024705
盖饭类（含打包费一元),50024705
盖饭篇,50024705
盖饭系,50024705
盖浇饭,50024705
盖浇饭系列,50024705
盖烧饭,50024705
港式烧味饭,50024705
蛊骰饭点,50024705
广式煲仔饭,50024705
韩式石锅拌饭,50024705
韩式汤类（配一碗米饭）,50024705
荷香、竹筒、焗饭（赠送例汤，水蒸蛋）,50024705
荷叶饭、河粉,50024705
黄焖鸡米饭,50024705
烩饭、套饭类,50024705
家常盖饭类,50024705
健康食拌饭类,50024705
健康食石锅拌饭,50024705
经典饭类系列,50024705
经典盖饭系列,50024705
精美盖饭,50024705
精品饭类,50024705
精品盖饭,50024705
精品营养荤菜盖饭系列,50024705
精选盖饭,50024705
精致个人餐(小煲+培根卷心菜+米饭+蒸蛋+双拼小菜+肉燥）,50024705
焗饭,50024705
焗饭类,50024705
另加米粉，面，米饭,50024705
美味饭食,50024705
迷你铁板烧饭系列,50024705
米饭,50024705
米饭（已包含一元打包费）,50024705
米饭加菜类,50024705
米饭可口点心系列,50024705
米饭系列,50024705
面爱面盖饭,50024705
面爱面骨汤渍饭,50024705
面爱面咖喱饭,50024705
面饭类,50024705
木桶饭,50024705
木桶饭盖饭、盖面,50024705
木桶饭类,50024705
全天精品盖饭,50024705
三角饭团,50024705
什素养颜盖饭系列,50024705
石锅拌饭系列,50024705
手工拌饭,50024705
首选主食（除米饭均已包含1元打包费）,50024705
寿司/紫菜包饭,50024705
寿司饭,50024705
双拼饭,50024705
双拼盖饭,50024705
四川小吃之饭类,50024705
汤饭类,50024705
套饭,50024705
特色饭,50024705
特色盖饭,50024705
特色烧卤饭,50024705
铁板饭,50024705
铁板饭/盖浇饭,50024705
桶饭,50024705
新增盖饭系列,50024705
新增下饭菜,50024705
意大利米饭,50024705
意式焗饭,50024705
营养饭食,50024705
招牌盖饭,50024705
招牌木桶饭,50024705
正宗黄焖鸡米饭,50024705
粥饭,50024705
主食（每份除米饭含一元打包费）,50024705
主食盖饭,50024705
主食盖饭类,50024705
主食特色饭,50024705
拌饭,50024706
拌饭类,50024706
包饭,50024706
炒饭,50024706
蛋包饭,50024706
炒饭&木桶饭,50024706
洞庭石锅,50024706
副食类,50024706
盖饭,50024706
盖饭系列,50024706
港品煲仔饭,50024706
港式香肠腊肉煲仔饭,50024706
广东烧腊饭,50024706
烩饭,50024706
精典盖饭,50024706
精美主食,50024706
精品·主食,50024706
精品主食,50024706
咖喱饭,50024706
焖饭,50024706
米饭类,50024706
木桶篇,50024706
泡饭,50024706
手工主食,50024706
特色饭类,50024706
特色主食,50024706
意大利面和焗饭,50024706
粥品类,50024706
主食类,50024706
主食类,50024706
主食类,50024706
主食类,50024706
主食类,50024706
煲仔饭,50024707
钵仔煎饭系列,50024707
盖饭类,50024707
干锅锅仔铁板,50024707
豪华铁板配时蔬,50024707
经典铁板配米饭,50024707
精品川菜,50024707
精品铁板,50024707
烧膳饭,50024707
特色石板饭菜,50024707
特色铁板,50024707
铁板烧（肉类）,50024707
铁板烧（蔬菜、蛋类）,50024707
煲仔粥,50024708
冰粥,50024708
冰粥类,50024708
大煲仔粥,50024708
精品甜粥,50024708
立方粥篇,50024708
生滚咸粥,50024708
特色粥煲,50024708
甜粥,50024708
甜粥类,50024708
甜粥系列,50024708
咸粥,50024708
咸粥类,50024708
咸粥系列,50024708
小煲仔粥,50024708
养生砂锅粥,50024708
养生粥品（甜粥系列）,50024708
原味粥,50024708
粥,50024708
粥类,50024708
粥系列,50024708
紫米粥系列,50024708
宝岛脉络-粥类,50024708
家常粥,50024708
凉爽冰粥,50024708
砂锅粥,50024708
特色粥,50024708
夏日冰粥,50024708
咸味粥品,50024708
香甜粥品,50024708
消暑冰粥,50024708
养生特色砂锅粥,50024708
养生粥篇,50024708
养生粥篇类,50024708
养生粥品,50024708
滋补养生粥（已含1元餐盒费）,50024708
饭,50024709
饭类,50024709
荷香饭,50024709
特色香米饭,50024709
五谷丰登,50024709
五谷杂粮味,50024709
拌面,50024711
拌面类,50024711
饼类/面类,50024711
肠粉,50024711
面食/饺子/包子/饼,50024711
扯面,50024711
传统朝鲜冷面,50024711
刀削面,50024711
刀削面类,50024711
刀削面系列,50024711
地道川面条,50024711
炒、拌面系列,50024711
炒河粉、面条、米线、饼丝类,50024711
炒面,50024711
粉面系列,50024711
炒面炒粉类,50024711
炒面类,50024711
港品炒面,50024711
副食,50024711
盖浇面,50024711
干拌面,50024711
面食、小炒、水饺,50024711
港式粥粉面系列（菜价已包含1元打包餐盒费）,50024711
功夫手擀面,50024711
河粉类,50024711
家常面点,50024711
金牌面条,50024711
经典莜面,50024711
精美粉面,50024711
精品拌面,50024711
精品面类,50024711
精选面,50024711
拉面,50024711
拉面、削面,50024711
拉面类,50024711
拉面两掺,50024711
拉面系列,50024711
兰州拉面,50024711
冷面,50024711
凉面,50024711
焖面系列（每个餐需要2个餐盒）,50024711
米线&面食,50024711
面,50024711
面、粉类,50024711
面爱面小菜,50024711
面伴侣,50024711
面包（面包当天制作，下午可能沽清）,50024711
面包/蛋糕/甜品,50024711
面包类,50024711
面包其他类,50024711
面点,50024711
面点（菜价已包含1元打包餐盒费）,50024711
面点类,50024711
面点米食,50024711
面点米食（价格已包含一元打包费）,50024711
面点米食（已包含一元打包费）,50024711
面点篇,50024711
面点小吃、拉面、削面,50024711
面点小吃主食,50024711
面点主食小吃,50024711
面类套餐,50024711
面面俱到,50024711
面片类,50024711
面食,50024711
面食经典（无折扣）,50024711
面食类（含一元打包费）,50024711
面食系列,50024711
面食粥品,50024711
面条,50024711
面条类,50024711
面条系列,50024711
面系类,50024711
牛肉面系列,50024711
其他面食,50024711
巧手刀削面,50024711
三文治/多士/面包,50024711
陕西特色面食,50024711
手擀面,50024711
手工粉类、面类、圆米粉类,50024711
手工面,50024711
水饺,50024711
特色刀削面,50024711
特色凉拌面,50024711
特色面,50024711
特色面（米线）,50024711
特色面食,50024711
特色面食（已含1元餐盒费）,50024711
甜面包类,50024711
土豆粉加刀削面,50024711
万州面道,50024711
现烤面包系列,50024711
小吃主食,50024711
削面篇,50024711
意大利面条,50024711
莜面系列,50024711
有馅儿烤冷面,50024711
招牌面类,50024711
粥粉面,50024711
主食、面食、点心,50024711
主食面点,50024711
主食面点,50024711
主食面类,50024711
主食系列,50024711
庄园特色莜面,50024711
布拉肠粉,50024712
粉、面类,50024712
米线,50024712
米线加量,50024712
过桥米线,50024712
过桥米线菌菜锅,50024712
过桥米线青菜锅,50024712
过桥米线情侣锅,50024712
河粉、米线、粉类,50024712
米线/河粉,50024712
米线类,50024712
米线类（含一元打包费）,50024712
米线系列,50024712
砂锅米线,50024712
鲜香米线,50024712
土豆粉类（含一元打包费),50024712
桂林米粉,50024712
河粉,50024712
特色米粉,50024712
土豆粉,50024712
土豆粉加菜,50024712
土豆粉类,50024712
湘西米粉,50024712
海鲜水饺,50024713
立方水饺,50024713
手工水饺,50024713
招牌主打水饺,50024713
蒸饺,50024713
彩色饺子,50024713
春节饺子（已包含一元打包费）,50024713
鸡蛋类水饺,50024713
家常水饺,50024713
饺子,50024713
金牌水饺,50024713
金牌水饺（一份12个）,50024713
经典饺子,50024713
手工手饺系列,50024713
水饺（2两起做）,50024713
水饺/煎饺/馄饨,50024713
水饺类,50024713
水饺篇,50024713
水饺系列,50024713
素馅水饺,50024713
特色煎饺,50024713
享家饺子,50024713
馄饨,50024713
馄饨拌料,50024713
馄饨类,50024713
晨香园广点,50024714
面点主食,50024714
主食,50024714
主食干粮,50024714
主食篇,50024714
主食篇,50024714
主食篇,50024714
主食篇,50024714
饼类,50024715
传统煎饼,50024715
春饼,50024715
立方饼谱,50024715
馅饼,50024715
馅饼类,50024715
炒饼,50024715
炒饼类,50024715
锅贴,50024715
饼,50024715
饼干类,50024715
饼类炸类,50024715
春饼类,50024715
葱油饼/麦饼/饼,50024715
煎饼类,50024715
金牌馅饼（馅饼3个起卖，可以选不同馅的）,50024715
卷饼菜,50024715
麦多馅饼,50024715
烧饼类,50024715
手工制饼,50024715
手抓饼,50024715
松饼系列,50024715
台湾手抓饼系列,50024715
特色饼篇,50024715
特色卷饼,50024715
特色馅饼,50024715
甜饼拼盘,50024715
香饼类,50024715
香河肉饼,50024715
印度飞饼,50024715
中式汉饼,50024715
意式肉酱千层饼,50024716
精美点心主食,50024716
立方小吃,50024716
面点系列,50024716
面类,50024716
面食经典,50024716
面食类,50024716
素馅,50024716
羲和主食,50024716
小吃、面点,50024716
养生主食,50024716
主食、点心,50024716
主食小吃篇,50024716
庄园主食,50024716
简餐系列,50024718
推荐套餐,50024718
18元区可双拼,50024718
28元区可双拼,50024718
6寸百味卷,50024718
9元区可双拼,50024718
SaturdayBrunch周六早午餐,50024718
八元区,50024718
北京味,50024718
便当,50024718
餐具一元一份,50024718
超值分享餐,50024718
超值分享餐（仅限午市）,50024718
超值分享餐（原价31元现价16.5元）,50024718
高档商务双拼,50024718
商务餐,50024718
商务快餐,50024718
（二中干汁麻辣烫）牛牛套餐,50024719
（二中干汁麻辣烫）什锦套餐,50024719
（二中干汁麻辣烫）羊羊套餐,50024719
17元套餐,50024719
18元套餐,50024719
19元套餐,50024719
20元套餐,50024719
港式单人套餐,50024719
欢乐套餐,50024719
精美套餐,50024719
肯德基超值套餐,50024719
苗家箩箩套餐,50024719
商务套餐,50024719
时尚套餐,50024719
套餐,50024719
套餐类,50024719
套饭RICE,50024719
特色类套餐,50024719
特色套餐,50024719
铁板套餐,50024719
西式简餐套餐,50024719
主食、套餐,50024719
煲仔饭套餐,50024720
超值分享餐（套餐仅限11:30-17:00之间，周一至周五）,50024720
超值拼盘套餐,50024720
超值商务套餐,50024720
超值组合（定食）套餐,50024720
单人配菜套餐,50024720
冬季超值套餐,50024720
二合一套餐,50024720
饭面类经济套餐,50024720
盖饭套餐,50024720
高管商务套餐,50024720
个人饭食套餐,50024720
工作套餐（已包含每菜一元打包费）,50024720
炒饭、套餐类,50024720
汉堡套餐（含一元打包费）,50024720
皇家套餐,50024720
馄炖套餐,50024720
简约套餐,50024720
健康饮品套餐,50024720
经典套餐,50024720
精品套餐,50024720
精品主食商务套餐,50024720
精选套餐,50024720
可乐套餐区,50024720
脍脍套餐,50024720
麻辣烫套餐,50024720
每个套餐每天限量提供20份,50024720
米饭套餐,50024720
米饭套餐（配饮料、鸡蛋西红柿汤+小咸菜）,50024720
米饭套餐组合,50024720
面条套餐,50024720
牛肉面套餐,50024720
牛肉面套餐餐,50024720
全家福套餐,50024720
日岩特色套餐,50024720
日岩特色套餐（豪华套餐）,50024720
日岩特色套餐（经济套餐）,50024720
日岩特色套餐（特惠套餐）,50024720
日岩特色套餐（组合套餐）,50024720
商务高档会议工作套餐,50024720
商务健康套餐,50024720
商务套餐（附送例汤，水蒸蛋）,50024720
石锅套餐系列,50024720
实惠套餐,50024720
手工鲜肉丸套餐,50024720
双人丰盛套餐,50024720
所有套餐加汤,50024720
套餐/简餐,50024720
套餐1号,50024720
套餐2号,50024720
套餐3号,50024720
套餐4号,50024720
套餐类(配汤+泡菜一份）,50024720
套餐两份起做,50024720
套餐拼盘,50024720
套餐系列,50024720
套餐用具,50024720
套餐组合,50024720
特惠套餐,50024720
特色套餐（石锅饭/面+养生排骨汤）,50024720
午间商务套餐（11:00-15:00）,50024720
系列套餐,50024720
小煲套餐,50024720
药膳炖品商务套餐饭,50024720
药膳营养套餐,50024720
营养工作套餐,50024720
营养套餐,50024720
营养套餐（主餐单品+米饭+肉燥+双拼小菜）,50024720
营养套餐类,50024720
营业套餐,50024720
优惠配菜套餐,50024720
云吞套餐,50024720
中式套餐（含汤、小菜）,50024720
中式套餐类,50024720
周二午餐套餐,50024720
周三午餐套餐,50024720
周四午餐套餐,50024720
周五午餐套餐,50024720
周一午餐套餐,50024720
主食/超值套餐,50024720
主食套餐系列,50024720
主席套餐（第二份半价）,50024720
组合套餐,50024720
儿童套餐,50024721
6寸美式厚底披萨,50024724
Pizza美味披萨,50024724
比萨,50024724
比萨,50024724
纯手工意式薄底比萨,50024724
美式铁盘匹萨（标准份）,50024724
披萨（PIZZA）,50024724
披萨类,50024724
匹萨,50024724
匹萨类,50024724
匹萨类Pizzas（12寸）,50024724
薯底比萨-拉维纳特有比萨,50024724
酥皮匹萨（标准份）,50024724
特制披萨,50024724
铁盘比萨类,50024724
心有所署卷边匹萨（大份）,50024724
意式薄底匹萨（大份）,50024724
比格特别推荐（OurRestaurantSpecial）,50024724
比萨（比萨请提前40分钟预定）,50024724
比萨（精选）,50024724
比萨（推荐）,50024724
比萨类,50024724
超值比萨,50024724
超值系列比萨,50024724
经典比萨,50024724
特色比萨,50024724
特色系列比萨,50024724
特制比萨,50024724
招牌比萨,50024724
意大利面,50024725
意大利面（pasta）,50024725
意大利面类,50024725
意大利面系列,50024725
意面,50024725
意面/通心粉,50024725
意面类,50024725
意面系列,50024725
炒饭、拌饭类,50024726
经典铁板肉排配意面,50024726
卤饭/盖饭,50024726
特色笼仔饭,50024726
意大利饭,50024726
炸排,50024727
12寸三明治,50024728
12寸三明治套餐,50024728
6寸三明治,50024728
6寸三明治百味卷,50024728
6寸三明治沙拉,50024728
6寸三明治套餐,50024728
额外添加（加添量遵照单个6英寸三明治标准使用量）,50024728
汉堡、意面、三明治、亚洲美食、全素类套餐,50024728
汉堡/三明治,50024728
汉堡/三明治/主食,50024728
汉堡和三明治,50024728
每日一款特价三明治,50024728
拼盘三明治,50024728
拼盘三明治（请提前2小时预定）,50024728
三明治,50024728
三明治（多人）请您至少提前24小时通知我们,50024728
三明治（三明治当天制作，下午可能沽清）,50024728
三明治比萨,50024728
三明治类,50024728
三明治系列,50024728
美味汉堡,50024728
色拉,50024730
沙拉类,50024730
沙拉和鲜蔬,50024730
沙拉及凉菜,50024730
沙拉类&辅食类,50024730
沙拉类(SALAD),50024730
沙拉系列,50024730
沙律SALAD,50024730
沙律篇,50024730
前菜及沙拉,50024730
Dessert甜点,50024731
SNACK暹罗小食,50024731
缤纷小食,50024731
馋嘴小零食,50024731
精美小菜,50024731
精美小食,50024731
冷菜/小菜,50024731
秘制小料（已包含1元打包费）,50024731
爽口小凉菜,50024731
特色小食,50024731
小刺身,50024731
小锅每人一位,50024731
小笼包子（每笼6个）,50024731
小圆子系列,50024731
云吞生煎小笼,50024731
Snack小吃,50024732
特色炸鸡,50024732
炸类,50024732
炸猪排类,50024732
香芒薯季,50024733
Cakes港式点心,50024733
常温西点类,50024733
晨香源广点,50024733
单点果盒,50024733
单点类（肉类单品）,50024733
单点类（肉排类）,50024733
精选单点,50024733
冷藏西点类,50024733
惹味点心,50024733
特色小点,50024733
西餐西点,50024733
西点/糕点,50024733
招牌点心,50024733
爆米花系列,50024733
餐巾纸,50024733
餐前凉菜,50024733
草莓,50024733
丹麦类,50024733
单品汉堡,50024733
蛋卷丸子菠萝,50024733
汉堡,50024733
黄油蛋糕,50024733
健康瘦身餐,50024733
经典版,50024733
精选沙拉类,50024733
其他西餐,50024733
花式寿司单品,50024735
手卷类,50024735
手握类,50024735
寿司,50024735
寿司卷,50024735
寿司卷,50024735
寿司拼盘类,50024735
寿司—手卷,50024735
寿司套餐,50024735
寿司—细卷,50024735
握寿司,50024735
细卷类,50024735
紫菜包饭,50024735
紫菜包饭类,50024735
白蝶寿司,50024735
刺身寿司,50024735
刺身寿司类,50024735
火焰寿司系列（2个）,50024735
火炙寿司,50024735
火炙寿司炙り寿司GrilledSushi,50024735
手卷寿司系列（1个）,50024735
手握寿司（2个）,50024735
手握寿司にぎり寿司Nigiri,50024735
手握寿司类,50024735
寿司（Japanesesushipoll）,50024735
寿司餐盒类,50024735
寿司自由拼（任意8颗起做）,50024735
细卷寿司,50024735
新派寿司,50024735
LBS伦敦桥特色,50024736
朝鲜拌菜,50024736
石板料理,50024736
石板料理套餐,50024736
石锅拌饭,50024736
石锅拌饭类,50024736
石锅拌饭套餐,50024736
石锅饭,50024736
石锅饭类,50024736
石锅篇,50024736
特色石锅,50024736
Sandwich三明治,50024737
创意大卷,50024737
刺身,50024737
刺身/生鱼片,50024737
刺身单品,50024737
刺身类,50024737
刺身料理,50024737
刺身拼盘,50024737
刺身系列,50024737
卷之寿司,50024737
拼盘,50024737
三文鱼,50024737
生鱼,50024737
生鱼刺身,50024737
生鱼片,50024737
生鱼片刺身,50024737
生鱼片刺身,50024737
生鱼片刺身Sashimi,50024737
生鱼拼盘,50024737
生鱼拼盘/活鱼料理,50024737
生鱼寿司饭,50024737
生鱼寿司拼盘,50024737
手卷,50024737
手卷之寿司,50024737
寿司拼盘,50024737
寿司拼盘,50024737
天妇罗,50024737
握寿司·手卷,50024737
细卷,50024737
一品料理,50024737
招牌卷寿司,50024737
Pasta意面,50024738
Steak,50024738
韩式系列,50024738
韩式炒年糕,50024738
铁板炒饭,50024738
经典寿司,50024738
精选卷物,50024738
军舰寿司,50024738
明虾天妇罗反卷,50024738
日式火锅,50024738
日式主食,50024738
烧物,50024738
太卷,50024738
铁板烧,50024738
细卷系列,50024738
一级料理及搭配,50024738
一品卷,50024738
一品料理主食类,50024738
艺品寿司,50024738
主料理,50024738
chicken,50024738
chickendnum,50024738
Chinesetea,50024738
combo,50024738
Toast时尚土司,50024738
包罗万象,50024738
华舞日本料理,50024738
日韩料理/刺身,50024738
Breakfast早餐,50024740
花舍-奶茶,50024740
经典奶茶系列,50024740
盆栽奶茶系列,50024740
日出QQ口感,50024740
日出鲜活健康,50024740
日出香醇奶茶,50024740
日出新鲜特调,50024740
日出雪客,50024740
幸福白胡子奶盖,50024740
果味奶昔,50024740
好喝的奶茶,50024740
科斯塔奶昔系列,50024740
牦牛酸奶,50024740
奶茶,50024740
奶茶类,50024740
奶茶系列,50024740
奶酪,50024740
奶昔,50024740
奶昔传说,50024740
奶昔系列,50024740
牛奶,50024740
牛奶奶茶,50024740
双皮奶,50024740
双皮奶系列,50024740
酸奶,50024740
台式奶茶,50024740
鲜果奶,50024740
鲜果奶昔,50024740
珍珠奶茶,50024740
Coffee咖啡,50024741
纯品咖啡,50024741
单品咖啡,50024741
花舍-精品风味咖啡,50024741
花舍-精致咖啡,50024741
花式咖啡,50024741
皇家比利时纯品咖啡,50024741
经典花式咖啡,50024741
经典咖啡,50024741
经典咖啡（热）ClassicCoffee（hot）,50024741
咖啡,50024741
咖啡豆（切记咖啡像蔬菜一样，容易变质）,50024741
咖啡及巧克力,50024741
咖啡系列,50024741
科斯塔纯品咖啡,50024741
日出可可,50024741
特色咖啡,50024741
意式咖啡,50024741
源产地单品咖啡,50024741
巧克力,50024741
巧克力蛋糕,50024741
巧克力蛋糕类,50024741
美味汤羹,50024742
juice饮品,50024743
茶,50024743
花舍-营养组合果汁,50024743
鲜榨果蔬汁,50024743
鲜榨果汁,50024743
营养鲜果汁,50024743
果汁,50024744
私房茶饮,50024744
茶点,50024744
茶点小食,50024744
茶品系列,50024744
茶品系列（热品）,50024744
茶水,50024744
茶水类,50024744
茶系列,50024744
茶叶类,50024744
花茶,50024744
花果茶,50024744
花家凉菜,50024744
1000CC更给力,50024745
CO.饮品,50024745
DRINK暹罗饮品,50024745
HkDrinks港式茶饮,50024745
缤纷饮料,50024745
冰镇饮料,50024745
茶饮料,50024745
超级果味系列（热饮）,50024745
果粒茶饮,50024745
韩饮,50024745
厚味饮品类,50024745
花舍-清爽特饮,50024745
皇家特色茶饮,50024745
健康饮品,50024745
今夏我做主（冷饮）,50024745
进口饮料以及小食类,50024745
酒精饮料,50024745
酒饮,50024745
咖啡系列（热饮）,50024745
咖啡饮料,50024745
乐活鲜饮/常温、冰,50024745
冷饮,50024745
冷饮系列,50024745
两荤一素+饮料,50024745
流食/饮料,50024745
奶茶/咖啡/饮料,50024745
牛奶饮品,50024745
暖心热饮,50024745
配餐/小菜/汤饮,50024745
瓶饮料,50024745
其他饮料,50024745
清心茶饮,50024745
热饮,50024745
热饮和茶Hot.Tea,50024745
热饮鲜榨果汁,50024745
日出冰沙,50024745
软饮,50024745
时尚酷饮,50024745
时尚冷饮,50024745
时尚汽水（冷饮）,50024745
时尚热饮,50024745
时尚饮品,50024745
水吧饮料,50024745
碳酸饮料,50024745
特色茶叶（10包/袋）热饮、冰镇两相宜,50024745
特色饮品,50024745
甜品饮品,50024745
听装饮料,50024745
系列饮品,50024745
鲜茶现调现做（热饮）,50024745
鲜榨饮料类,50024745
现调饮料,50024745
香浓挡不住（热饮）,50024745
养生热饮,50024745
养颜系列（热饮),50024745
一荤一素+饮料,50024745
饮料,50024745
饮料（已包含一元打包盒费用）,50024745
饮料/洒水,50024745
饮料代购,50024745
饮料和小食,50024745
饮料系列,50024745
饮品&甜品,50024745
饮品、鲜榨果汁,50024745
饮品甜品,50024745
饮用水,50024745
自制饮品,50024745
自制饮品（已包含一元打包费）,50024745
佐食、饮料、甜品,50024745
鲜萃茶/热、常温、冰,50024745
鲜果冰沙类,50024745
鲜果茶,50024745
鲜果牛奶系列,50024745
鲜果沙冰,50024745
鲜果系列,50024745
鲜果优酷乳,50024745
鲜奶/热、常温、冰,50024745
鲜奶茶,50024745
鲜奶蛋糕,50024745
鲜奶类,50024745
鲜榨果汁类,50024745
鲜榨类,50024745
鲜榨时光,50024745
闲情小吃一品料理,50024745
现磨豆浆,50024745
现榨果汁,50024745
现榨汁,50024745
Drinks特调果汁,50024745
FruitJuice鲜榨果汁,50024745
Fruit鲜果系列,50024745
heyjuice果蔬汁,50024745
heyjuice果汁,50024745
HotChocolate热巧克力,50024745
i冰乐,50024745
juice,50024745
Me的奶茶/热、常温、冰,50024745
Mix&Match系列,50024745
ModernAsian现代亚洲美食,50024745
Pastry港式蒸点,50024745
冰冰乐,50024745
冰茶,50024745
冰茶茶类,50024745
冰茶系列,50024745
纯果汁,50024745
纯奶茶,50024745
纯品奶茶系列,50024745
醇香奶茶,50024745
醇香奶茶珍珠奶茶,50024745
豆腐豆花系列,50024745
豆花,50024745
豆花（热品）,50024745
豆花豆腐类,50024745
豆浆,50024745
豆浆冰沙,50024745
果缤纷醋茶,50024745
果茶,50024745
果汁系列,50024745
健康果蔬汁,50024745
乐活果汁,50024745
水果鲜榨汁,50024745
特调果汁,50024745
Milk牛奶,50024746
Q功效饮,50024746
Salad沙拉,50024746
Smoothie冰沙,50024746
阿根廷,50024746
澳大利亚,50024746
冰霜雪泥系列,50024746
餐后甜品冰沙,50024746
豆浆系列,50024746
法国,50024746
港品鲜果捞嘢,50024746
格鲁吉亚,50024746
果汁奶昔,50024746
花舍-茗茶特饮,50024746
花舍-特色红茶,50024746
花舍-营养五谷,50024746
黄酒,50024746
嘉和酒水饮料,50024746
经典牛奶,50024746
酒水,50024746
酒水类,50024746
妈咪糖水,50024746
美国,50024746
米酒,50024746
蜜冰系列,50024746
绵绵冰系列,50024746
摩尔多瓦,50024746
奶昔/沙冰,50024746
南非,50024746
其他饮品,50024746
西班牙,50024746
下午茶,50024746
新西兰,50024746
意大利,50024746
饮料类,50024746
饮品,50024746
饮品系列,50024746
智利,50024746
自制饮料,50024746
冰岛海参,50024746
冰激凌圣代/水果捞,50024746
冰激凌圣代水果捞,50024746
冰乐,50024746
冰品,50024746
冰品&甜品,50024746
冰品类,50024746
冰淇淋,50024746
冰淇淋/果盘,50024746
冰淇淋系列,50024746
冰沙传说,50024746
冰沙类,50024746
冰沙奶昔,50024746
冰爽一夏,50024746
冰粥系列,50024746
布丁（冰）,50024746
激情冰爽到底冰沙/奶昔,50024746
极点冰系列,50024746
科斯塔刨冰系列,50024746
可可&抹茶/热、常温、冰,50024746
奶醇系列/热、常温、冰,50024746
清凉冰品,50024746
清凉冰品（冰）,50024746
融融冰,50024746
沙冰,50024746
爽冰乐,50024746
水果沙冰,50024746
夏日冰品,50024746
汽水类,50024746
汽水时代,50024746
汽水系列,50024746
别样绿茶系列,50024746
布丁豆花,50024746
科斯塔国内名茶系列,50024746
科斯塔特调茶系列,50024746
可可抹茶,50024746
冷串串系列,50024746
流食,50024746
流食系列,50024746
七茶柠檬,50024746
手磨豆腐花系列,50024746
烫菜,50024746
西米露系列,50024746
雪乐,50024746
雪山系列,50024746
洋风,50024746
养生原味茶,50024746
滑嫩仙草,50024746
滑嫩仙草（热品）,50024746
港式甜品,50024748
礼品蛋糕,50024748
美味甜点,50024748
面包,50024748
欧式面包,50024748
切块蛋糕,50024748
人气面包,50024748
甜点,50024748
甜面包,50024748
主食面包,50024748
蛋糕,50024749
多乐之日的冬日仙境,50024749
鸡、鸭件,50024749
慕斯蛋糕,50024749
切片蛋糕,50024749
庆典蛋糕,50024749
生日蛋糕,50024749
鲜奶油蛋糕,50024749
水果蛋糕,50024749
蛋糕类,50024749
沙煲,50024749
手工蛋糕,50024749
曲奇,50024750
布丁,50024751
厨房点心甜品,50024751
松饼,50024751
点点心意,50024751
点心,50024751
点心心意,50024751
广点/面点,50024751
广式茶点,50024751
招牌甜品,50024751
主食点心,50024751
冰沙,50024752
茶饮,50024752
花舍-超级冰,50024752
花舍-水果捞,50024752
嫩滑仙草,50024752
手打豆花,50024752
手工芋圆,50024752
台式蜜冰,50024752
甜品,50024752
甜品类,50024752
甜品系列,50024752
幸福甜品,50024752
养生热品,50024752
甜点、小食系列,50024752
甜点蛋糕芝士系列,50024752
甜点和配菜,50024752
甜点篇,50024752
甜品/糖水,50024752
甜品果汁,50024752
甜品篇,50024752
甜品粥羹,50024752
甜食类,50024752
甜食系列,50024752
甜甜蜜蜜,50024752
Dessert鲜果捞·甜品,50024752
DESSERT暹罗甜品,50024752
HkDrinks甜品,50024752
精美甜品（含一元打包费）,50024752
西式甜品,50024752
夏季甜品,50024752
香港甜品,50024752
飲料&甜品,50024752
滋补养颜保健甜品,50024752
滋润养颜糖水甜品,50024752
布丁系列,50024753
豆花系列,50024753
甘蔗系列,50024753
解辣甜品,50024753
精美点心,50024753
奶酪系列,50024753
披萨,50024753
甜点类,50024753
广东烧腊,50024756
广式烧膳,50024756
卤水港式烧味,50024756
本店特色,50024757
肠粉类,50024757
方便菜,50024757
港品濑粉,50024757
港品面道,50024757
港式风味,50024757
韩国小食品,50024757
煎炸类,50024757
江南创意风味小吃篇,50024757
江南创意主食篇,50024757
金和美食,50024757
精美小吃类,50024757
精品川香,50024757
老北京小吃,50024757
驴肉家常,50024757
麻辣香锅主食类,50024757
塞外风情,50024757
熟食,50024757
台湾豆花,50024757
特色小吃,50024757
甜蜜蜜,50024757
湘情湘意,50024757
小吃,50024757
新派美食,50024757
一心麻辣香锅,50024757
主食分类,50024757
陕西名小吃,50024757
陕西特色主食,50024757
薯条,50024757
薯条/小食,50024757
薯条小食,50024757
秦川老碗米皮,50024757
清爽沙拉系列,50024757
热狗,50024757
热狗汉堡系列,50024757
肉夹馍类,50024757
素馅类,50024757
特色拉条,50024757
吐司类,50024757
壹处烧麦,50024757
缤纷鲜果切（提前一天预订）,50024759
花舍-四季鲜果,50024759
乐活果漾系列,50024759
水果,50024759
西瓜,50024759
办公室水果（提前一天预订）,50024760
水果拼盘,50024760
营养果盒,50024760
果果缤纷,50024760
果盘类,50024760
寒天&果漾,50024760
精品蔬果,50024760
科斯塔花果茶系列,50024760
水果/拼盘/果篮,50024760
扒类,50024763
蛋类,50024763
第二代水煮鱼,50024763
第三代水煮鱼,50024763
第一代水煮鱼,50024763
沸腾酸萝卜鱼,50024763
腐皮系列,50024763
海产,50024763
海鲜,50024763
海鲜类,50024763
河鲜,50024763
鸡肉类,50024763
健康时蔬,50024763
江南创意海鲜篇,50024763
金百万大闸蟹,50024763
精选名鲍,50024763
卷类,50024763
菌菜类,50024763
菌类/豆制品类/蔬菜类,50024763
绿色蔬菜,50024763
麻辣香锅海鲜类,50024763
牛肉肥肠,50024763
平价河鲜,50024763
肉类/海鲜类,50024763
蔬菜,50024763
蔬菜类,50024763
田园时蔬,50024763
羲和热菜（海鲜类）,50024763
鲜活海鲜,50024763
蟹汤翅,50024763
鸭类,50024763
养生时蔬,50024763
有机蔬菜,50024763
鱼鲍参,50024763
鱼类,50024763
鱼虾类,50024763
自制菜品,50024763
馋嘴蛙配菜,50024764
豆腐类,50024764
豆制品,50024764
金百万准成品,50024764
菌菇类,50024764
沙拉,50024764
12元区,50024765
20元区,50024765
28元区,50024765
8元区,50024765
DIY加料,50024765
VIP卡,50024765
本店人气,50024765
本店特别推荐篇,50024765
冰爽夏日,50024765
菜底,50024765
餐前美食篇,50024765
餐厅推荐,50024765
厨师推荐,50024765
川行天下,50024765
川湘大融合,50024765
川湘风情,50024765
传统味道,50024765
大排档风味,50024765
代购,50024765
单点,50024765
单只精品（需提前三天预订）,50024765
点食成金,50024765
二元区,50024765
大鸭梨月饼优惠区,50024765
飞禽走兽,50024765
风味,50024765
风味土钵,50024765
广点,50024765
海派精品,50024765
和田枣王6星品质,50024765
和田枣王6星品质（2罐起点）,50024765
湖南特色,50024765
怀旧经典,50024765
会员点餐有礼赠,50024765
记忆中的味道,50024765
季节性推出,50024765
炒菜,50024765
炒年糕,50024765
湖湘小炒,50024765
家常小炒,50024765
小炒蒸菜烧菜类,50024765
金百万中秋月饼6折专区,50024765
煎菜,50024765
健康美食,50024765
街头美味,50024765
明月冰皮月饼套盒,50024765
金牌系列,50024765
京城独有,50024765
经典热菜,50024765
经典推荐,50024765
精美川湘菜,50024765
精美冷蝶,50024765
精美主食篇,50024765
精品·川菜,50024765
精品·湘菜,50024765
精品·粤菜,50024765
精品特推,50024765
精品粤菜,50024765
精品再现,50024765
酒菜类,50024765
开胃菜,50024765
开胃前菜,50024765
烤肉,50024765
烤鱼伴侣,50024765
烤鱼搭配菜,50024765
老北京特色,50024765
老家土菜,50024765
礼盒,50024765
林家典藏,50024765
另类菜品,50024765
麻光辣影,50024765
麻辣的诱惑,50024765
麻辣烫,50024765
麦当劳早餐,50024765
美人系列,50024765
美味,50024765
美味空间,50024765
美味小吃,50024765
南北主食,50024765
烹鱼专家,50024765
其他,50024765
谦记叹茶,50024765
谦记有粉丝,50024765
谦记有鸡味,50024765
前菜,50024765
前菜类,50024765
清迈特色主食,50024765
清真传统,50024765
清真特色,50024765
热菜传统,50024765
热菜类,50024765
热菜类,50024765
热菜篇,50024765
热菜知味,50024765
热销菜,50024765
热销产品,50024765
三元区,50024765
沙律,50024765
山珍野菌,50024765
陕西名吃,50024765
烧腊卤水,50024765
生猛河海鲜,50024765
生猛宁波海鲜,50024765
石墨糊,50024765
蜀珍经典,50024765
谁说卾菜全是鱼,50024765
水煮系列,50024765
四季佳肴,50024765
四元区,50024765
碳烤羊腿,50024765
套装精品（需提前三天预订）,50024765
特别·介绍,50024765
特色,50024765
特色菜系列,50024765
特色锅,50024765
特色经典,50024765
特色美味,50024765
特色篇,50024765
铁板私房菜,50024765
团建会议（提前一天预订）,50024765
推荐,50024765
五彩冰纷,50024765
午餐,50024765
湘鄂风味,50024765
小菜,50024765
小料,50024765
新菜上市,50024765
新菜推荐,50024765
新品,50024765
新品上市,50024765
新品推荐,50024765
新增菜单,50024765
亚洲精选,50024765
养颜贡品,50024765
一臭三鲜,50024765
营养早餐,50024765
鱼锅配菜,50024765
原生态农家土菜,50024765
原生态萧县山羊肉,50024765
岳麓新主意,50024765
早餐,50024765
早餐（时间8:30-9:15）,50024765
早点类,50024765
长生果系列,50024765
招牌推荐,50024765
镇店之宝,50024765
蒸菜,50024765
蒸蒸·日上,50024765
蒸蒸日上,50024765
正餐,50024765
正餐类,50024765
煮物,50024765
滋补养生,50024765
最健康,50024765
包装用礼盒,50024765
良心梨,50024765
驴行天下,50024765
菜品（荤）,50806003
海鲜（香锅配菜）,50806003
海鲜、河鲜,50806003
荤菜类,50806003
鸡肉、鸭肉,50806003
鸡鸭类,50806003
冷荤,50806003
牛肉,50806003
牛肉、羊肉,50806003
牛羊驴肉类,50806003
配菜肉,50806003
谦记手工剁肉,50806003
肉畜佳肴,50806003
肉类（香锅配菜）,50806003
香锅，火锅配菜肉类,50806003
香锅，火锅配菜自制丸滑类,50806003
羊肉,50806003
猪肉,50806003
猪肉类,50806003
鲍翅海参,50808005
本店精品推荐菜,50808005
比萨配料,50808005
朝江春肠粉,50808005
川菜,50808005
传统京鲁,50808005
大厨推荐,50808005
豆豉烤鱼,50808005
官府养生,50808005
荤菜,50808005
奥式小炒,50808005
江南创意蒸菜篇,50808005
江南特色创意篇,50808005
京味菜,50808005
风味小炒,50808005
精品美食,50808005
精品湘菜,50808005
烤鱼篇,50808005
口碑推荐,50808005
麻辣烤鱼,50808005
麻辣香锅（肉类）,50808005
麻辣香锅（四份起点）,50808005
面酷特荐,50808005
面艺观止,50808005
农家特色,50808005
泡椒烤鱼,50808005
泡椒系列,50808005
清迈特色主菜,50808005
全新口味,50808005
时尚湘菜,50808005
时尚鸭菜,50808005
酸菜烤鱼,50808005
特别推荐,50808005
特别推荐篇,50808005
特色大铁板,50808005
特色类,50808005
特色湘菜,50808005
西北风味,50808005
香锅,50808005
香辣烤鱼,50808005
湘菜,50808005
新疆风味,50808005
鱼类（火锅配菜）,50808005
招牌,50808005
招牌菜,50808005
招牌鱼,50808005
真梨村特色,50808005
主菜,50808005
自制面食和米饭,50808005
泡菜、酱菜、拌菜,50812008
调料,50812008
【必须】香锅系列（锅底必选）,50816007
锅底,50816007
锅底区,50816007
火锅,50816007
火锅类,50816007
麻辣香锅（四份起炒）,50816007
烤鱼配菜,50816007
麻辣香锅,50816007
麻辣香锅锅底,50816007
麻辣香锅篇,50816007
秘制锅底,50816007
特色锅底,50816007
特色锅类,50816007
特色蛙锅,50816007
北京小吃,50816008
低卡代餐小食,50816008
点心系列,50816008
风味小吃,50816008
功德林净素小食专营店,50816008
广点小吃,50816008
京味小吃,50816008
开胃小菜,50816008
美点小吃,50816008
面点小吃,50816008
南北小吃,50816008
谦记手打鱼腐,50816008
清迈特色甜品及小吃,50816008
手握寿司,50816008
四川名小吃,50816008
四川小吃,50816008
香港街头小食,50816008
小吃类,50816008
小吃篇,50816008
小食,50816008
小食饮料,50816008
主食小吃,50816008
点心（无折扣）,50816008
点心类,50816008
点心篇,50816008
点心甜品,50816008
点心小吃,50816008
糕点,50816008
糕点系列,50816008
Snacks香港地道小吃,50816008
极致小吃,50816008
精典小吃,50816008
精选小吃,50816008
精选小吃（SnackChoices）,50816008
可口可乐2元每份餐限购1灌小吃除外多点按每灌3元收取,50816008
美点小吃（已包含一元打包费）,50816008
特色小吃(ASIANSNACKS),50816008
特色小吃（已含1元餐盒费）,50816008
特色小吃类,50816008
小吃/甜品,50816008
主。食。点。心,50816008
主食菜品,50816008
主食厨房,50816008
主食单点,50816008
主食点心系列,50816008
主食类（SANDWICH),50816008
煮点,50816008
状元特色粥,50816008
经典包子（每笼四个）,50816008
笼包类,50816008
素里香包子,50816008
菜品（素）,50828003
豆制菌类,50828003
豆制品（香锅配菜）,50828003
荤菜、菌类,50828003
健康蔬菜,50828003
精品素菜,50828003
菌类（香锅配菜）,50828003
绿色田园,50828003
麻辣香锅(荤菜）,50828003
麻辣香锅（菌类）,50828003
麻辣香锅（蔬菜类）,50828003
麻辣香锅（素菜）,50828003
麻辣香锅素菜类,50828003
配菜素,50828003
青菜类,50828003
时令时蔬,50828003
时令蔬菜,50828003
时蔬,50828003
时蔬篇,50828003
蔬菜（香锅配菜）,50828003
蔬菜、菌菇,50828003
素菜,50828003
素菜类,50828003
特色涮菜,50828003
香锅，火锅配菜菌类,50828003
香锅，火锅配菜素菜类,50828003
蒸菜篇,50828003
简餐,50828004
海鲜系列,50828005
白酒,50828005
白酒类,50828005
白葡萄酒,50828005
百戴典藏,50828005
成品酒水,50828005
成品酒水（本地）,50828005
红酒,50828005
红酒类,50828005
红酒系列,50828005
黄酒类,50828005
精品红酒,50828005
精品名酒,50828005
酒,50828005
酒类,50828005
啤酒,50828005
啤酒类,50828005
起泡酒,50828005
清/烧酒,50828005
特色酒水,50828005
洋酒,50828005
"洋酒、红酒、啤酒、鸡尾酒(Wine,redwine,beer,cocktails)",50828005
酌酒小菜,50828005
果啤,50828005
